Name,Value,Start,Size,Color,Comment
struct BNDBase Base,,0h,28h,Fg: Bg:,
struct GlobalStringList StringList,,28h,7120h,Fg: Bg:,
Localized String[0],,28h,20h,Fg: Bg:,
Localized String[1],#=,48h,20h,Fg: Bg:,
Localized String[2],#e,68h,20h,Fg: Bg:,
Localized String[3],#c009,88h,20h,Fg: Bg:,
Localized String[4],#e#d300#c800,A8h,20h,Fg: Bg:,
Localized String[5],#e#d440#c882,C8h,20h,Fg: Bg:,
Localized String[6],#d044#c288,E8h,20h,Fg: Bg:,
Localized String[7],#d440#c882,108h,20h,Fg: Bg:,
Localized String[8],#d040#c282,128h,20h,Fg: Bg:,
Localized String[9],Return to Chapter Select,148h,20h,Fg: Bg:,
Localized String[10],Return to Main Menu,168h,20h,Fg: Bg:,
Localized String[11],Insert Bookmark#nand save?,188h,20h,Fg: Bg:,
Localized String[12],Yes,1A8h,20h,Fg: Bg:,
Localized String[13],No,1C8h,20h,Fg: Bg:,
Localized String[14],OK,1E8h,20h,Fg: Bg:,
Localized String[15],Bookmark Inserted,208h,20h,Fg: Bg:,
Localized String[16],NEW SAVE DATA,228h,20h,Fg: Bg:,
Localized String[17],Save your progress?,248h,20h,Fg: Bg:,
Localized String[18],Yes,268h,20h,Fg: Bg:,
Localized String[19],No,288h,20h,Fg: Bg:,
Localized String[20],Ultra Despair Girls,2A8h,20h,Fg: Bg:,
Localized String[21],CHAPTER 1,2C8h,20h,Fg: Bg:,
Localized String[22],CHAPTER 2,2E8h,20h,Fg: Bg:,
Localized String[23],CHAPTER 3,308h,20h,Fg: Bg:,
Localized String[24],CHAPTER 4,328h,20h,Fg: Bg:,
Localized String[25],CHAPTER 5,348h,20h,Fg: Bg:,
Localized String[26],Prologue,368h,20h,Fg: Bg:,
Localized String[27],Epilogue,388h,20h,Fg: Bg:,
Localized String[28],Monocoins ? Coins,3A8h,20h,Fg: Bg:,
Localized String[29],Play Time ?:?:?,3C8h,20h,Fg: Bg:,
Localized String[30],Komaru LV,3E8h,20h,Fg: Bg:,
Localized String[31],Novel,408h,20h,Fg: Bg:,
Localized String[32],?,428h,20h,Fg: Bg:,
Localized String[33],/,448h,20h,Fg: Bg:,
Localized String[34],??,468h,20h,Fg: Bg:,
Localized String[35],?????,488h,20h,Fg: Bg:,
Localized String[36],#R1#c000#R1#c000#.,4A8h,20h,Fg: Bg:,
Localized String[37],#R1#c000,4C8h,20h,Fg: Bg:,
Localized String[38],Savedata Illigal Size,4E8h,20h,Fg: Bg:,
Localized String[39],Savedata System Version Different ,508h,20h,Fg: Bg:,
Localized String[40],Savedata Game Version Different ,528h,20h,Fg: Bg:,
Localized String[41],Savedata Excel Update,548h,20h,Fg: Bg:,
Localized String[42],Savedata Invalid,568h,20h,Fg: Bg:,
Localized String[43],Please select a language,588h,20h,Fg: Bg:,
Localized String[44],Text,5A8h,20h,Fg: Bg:,
Localized String[45],Voice,5C8h,20h,Fg: Bg:,
Localized String[46],Movie,5E8h,20h,Fg: Bg:,
Localized String[47],Japanese,608h,20h,Fg: Bg:,
Localized String[48],English,628h,20h,Fg: Bg:,
Localized String[49],Chinese,648h,20h,Fg: Bg:,
Localized String[50],????,668h,20h,Fg: Bg:,
Localized String[51],Towa General Hospital,688h,20h,Fg: Bg:,
Localized String[52],Urban Hotel Towa,6A8h,20h,Fg: Bg:,
Localized String[53],Bay Area,6C8h,20h,Fg: Bg:,
Localized String[54],Colosseum,6E8h,20h,Fg: Bg:,
Localized String[55],Colosseum,708h,20h,Fg: Bg:,
Localized String[56],Subway Station West,728h,20h,Fg: Bg:,
Localized String[57],Underground Shopping Center,748h,20h,Fg: Bg:,
Localized String[58],Sewer,768h,20h,Fg: Bg:,
Localized String[59],Underground Secret Base,788h,20h,Fg: Bg:,
Localized String[60],Mall District,7A8h,20h,Fg: Bg:,
Localized String[61],Towa Tower,7C8h,20h,Fg: Bg:,
Localized String[62],Monorail,7E8h,20h,Fg: Bg:,
Localized String[63],1F,808h,20h,Fg: Bg:,
Localized String[64],2F,828h,20h,Fg: Bg:,
Localized String[65],Rooftop,848h,20h,Fg: Bg:,
Localized String[66],1F,868h,20h,Fg: Bg:,
Localized String[67],2F,888h,20h,Fg: Bg:,
Localized String[68],1F,8A8h,20h,Fg: Bg:,
Localized String[69],2F,8C8h,20h,Fg: Bg:,
Localized String[70],3F,8E8h,20h,Fg: Bg:,
Localized String[71],Sightseeing Tower,908h,20h,Fg: Bg:,
Localized String[72],Hallway,928h,20h,Fg: Bg:,
Localized String[73],Diagnosis Room C,948h,20h,Fg: Bg:,
Localized String[74],Diagnosis Room (L),968h,20h,Fg: Bg:,
Localized String[75],Operating Room,988h,20h,Fg: Bg:,
Localized String[76],Diagnosis Room A,9A8h,20h,Fg: Bg:,
Localized String[77],Lobby,9C8h,20h,Fg: Bg:,
Localized String[78],Hallway,9E8h,20h,Fg: Bg:,
Localized String[79],Patient's Ward (L),A08h,20h,Fg: Bg:,
Localized String[80],Power Supply Room,A28h,20h,Fg: Bg:,
Localized String[81],Patient's Ward C,A48h,20h,Fg: Bg:,
Localized String[82],Director's Room,A68h,20h,Fg: Bg:,
Localized String[83],Nurse Station,A88h,20h,Fg: Bg:,
Localized String[84],Rooftop,AA8h,20h,Fg: Bg:,
Localized String[85],Entrance Lobby,AC8h,20h,Fg: Bg:,
Localized String[86],Lobby,AE8h,20h,Fg: Bg:,
Localized String[87],Dance Hall,B08h,20h,Fg: Bg:,
Localized String[88],Hallway,B28h,20h,Fg: Bg:,
Localized String[89],Hallway,B48h,20h,Fg: Bg:,
Localized String[90],Guestroom A,B68h,20h,Fg: Bg:,
Localized String[91],Guestroom B,B88h,20h,Fg: Bg:,
Localized String[92],Guestroom C,BA8h,20h,Fg: Bg:,
Localized String[93],Guestroom D,BC8h,20h,Fg: Bg:,
Localized String[94],Hospital Front,BE8h,20h,Fg: Bg:,
Localized String[95],Construction Site,C08h,20h,Fg: Bg:,
Localized String[96],Hotel Rear,C28h,20h,Fg: Bg:,
Localized String[97],Hospital Rear,C48h,20h,Fg: Bg:,
Localized String[98],West Subway Station Front,C68h,20h,Fg: Bg:,
Localized String[99],Parking Lot,C88h,20h,Fg: Bg:,
Localized String[100],Construction Site,CA8h,20h,Fg: Bg:,
Localized String[101],Towa Bridge Front,CC8h,20h,Fg: Bg:,
Localized String[102],Towa Bridge Front,CE8h,20h,Fg: Bg:,
Localized String[103],Towa Bridge,D08h,20h,Fg: Bg:,
Localized String[104],Hero's Arena,D28h,20h,Fg: Bg:,
Localized String[105],Ticket Gate,D48h,20h,Fg: Bg:,
Localized String[106],Yard,D68h,20h,Fg: Bg:,
Localized String[107],Yard,D88h,20h,Fg: Bg:,
Localized String[108],Yard,DA8h,20h,Fg: Bg:,
Localized String[109],South Passage,DC8h,20h,Fg: Bg:,
Localized String[110],Shop A,DE8h,20h,Fg: Bg:,
Localized String[111],East Accessway,E08h,20h,Fg: Bg:,
Localized String[112],North Exit,E28h,20h,Fg: Bg:,
Localized String[113],Shop B,E48h,20h,Fg: Bg:,
Localized String[114],Shop C,E68h,20h,Fg: Bg:,
Localized String[115],Air Conditioning Room,E88h,20h,Fg: Bg:,
Localized String[116],West Accessway,EA8h,20h,Fg: Bg:,
Localized String[117],West Passage,EC8h,20h,Fg: Bg:,
Localized String[118],Control Room,EE8h,20h,Fg: Bg:,
Localized String[119],Sewage Inspection Door,F08h,20h,Fg: Bg:,
Localized String[120],E Ward Intersection,F28h,20h,Fg: Bg:,
Localized String[121],N Ward Intersection,F48h,20h,Fg: Bg:,
Localized String[122],S Ward Intersection,F68h,20h,Fg: Bg:,
Localized String[123],Pump Room,F88h,20h,Fg: Bg:,
Localized String[124],E Ward Intersection,FA8h,20h,Fg: Bg:,
Localized String[125],Pondage,FC8h,20h,Fg: Bg:,
Localized String[126],Large Hall,FE8h,20h,Fg: Bg:,
Localized String[127],Large Hall,1008h,20h,Fg: Bg:,
Localized String[128],Conference Room,1028h,20h,Fg: Bg:,
Localized String[129],Conference Room,1048h,20h,Fg: Bg:,
Localized String[130],Graveyard,1068h,20h,Fg: Bg:,
Localized String[131],Main Street,1088h,20h,Fg: Bg:,
Localized String[132],Main Street,10A8h,20h,Fg: Bg:,
Localized String[133],Bookstore,10C8h,20h,Fg: Bg:,
Localized String[134],Boutique,10E8h,20h,Fg: Bg:,
Localized String[135],Entrance,1108h,20h,Fg: Bg:,
Localized String[136],Entrance,1128h,20h,Fg: Bg:,
Localized String[137],Bookstore,1148h,20h,Fg: Bg:,
Localized String[138],Boutique,1168h,20h,Fg: Bg:,
Localized String[139],Boutique,1188h,20h,Fg: Bg:,
Localized String[140],Boutique,11A8h,20h,Fg: Bg:,
Localized String[141],Entrance Hall,11C8h,20h,Fg: Bg:,
Localized String[142],Shopping Area,11E8h,20h,Fg: Bg:,
Localized String[143],Restaurant Area,1208h,20h,Fg: Bg:,
Localized String[144],Room A,1228h,20h,Fg: Bg:,
Localized String[145],Room B,1248h,20h,Fg: Bg:,
Localized String[146],Room C,1268h,20h,Fg: Bg:,
Localized String[147],Room D,1288h,20h,Fg: Bg:,
Localized String[148],Room E,12A8h,20h,Fg: Bg:,
Localized String[149],Room F,12C8h,20h,Fg: Bg:,
Localized String[150],Main Floor,12E8h,20h,Fg: Bg:,
Localized String[151],Drink Corner,1308h,20h,Fg: Bg:,
Localized String[152],Gondola,1328h,20h,Fg: Bg:,
Localized String[153],Deck,1348h,20h,Fg: Bg:,
Localized String[154],Emergency Stairs,1368h,20h,Fg: Bg:,
Localized String[155],Management Room,1388h,20h,Fg: Bg:,
Localized String[156],Priest's Arena,13A8h,20h,Fg: Bg:,
Localized String[157],Tower West Station,13C8h,20h,Fg: Bg:,
Localized String[158],First Carriage,13E8h,20h,Fg: Bg:,
Localized String[159],Inner Carriage,1408h,20h,Fg: Bg:,
Localized String[160],Warrior's Arena,1428h,20h,Fg: Bg:,
Localized String[161],Komaru Naegi,1448h,20h,Fg: Bg:,
Localized String[162],Toko Fukawa,1468h,20h,Fg: Bg:,
Localized String[163],Genocide Jack,1488h,20h,Fg: Bg:,
Localized String[164],Masaru Daimon,14A8h,20h,Fg: Bg:,
Localized String[165],Kemuri Jataro,14C8h,20h,Fg: Bg:,
Localized String[166],Kotoko Utsugi,14E8h,20h,Fg: Bg:,
Localized String[167],Nagisa Shingetsu,1508h,20h,Fg: Bg:,
Localized String[168],Monaca,1528h,20h,Fg: Bg:,
Localized String[169],Servant,1548h,20h,Fg: Bg:,
Localized String[170],Kurokuma,1568h,20h,Fg: Bg:,
Localized String[171],Haiji Towa,1588h,20h,Fg: Bg:,
Localized String[172],Tokuichi Towa,15A8h,20h,Fg: Bg:,
Localized String[173],Shirokuma,15C8h,20h,Fg: Bg:,
Localized String[174],Yuta Asahina,15E8h,20h,Fg: Bg:,
Localized String[175],Hiroko Hagakure,1608h,20h,Fg: Bg:,
Localized String[176],???,1628h,20h,Fg: Bg:,
Localized String[177],Makoto Naegi,1648h,20h,Fg: Bg:,
Localized String[178],Byakuya Togami,1668h,20h,Fg: Bg:,
Localized String[179],Monokuma Kid ,1688h,20h,Fg: Bg:,
Localized String[180],Monokuma Kid,16A8h,20h,Fg: Bg:,
Localized String[181],Future Foundation,16C8h,20h,Fg: Bg:,
Localized String[182],Future Foundation A ,16E8h,20h,Fg: Bg:,
Localized String[183],Future Foundation B,1708h,20h,Fg: Bg:,
Localized String[184],Future Foundation C ,1728h,20h,Fg: Bg:,
Localized String[185],Future Foundation D ,1748h,20h,Fg: Bg:,
Localized String[186],Future Foundation E ,1768h,20h,Fg: Bg:,
Localized String[187],Future Foundation F,1788h,20h,Fg: Bg:,
Localized String[188],Adult,17A8h,20h,Fg: Bg:,
Localized String[189],Adult A,17C8h,20h,Fg: Bg:,
Localized String[190],Adult B,17E8h,20h,Fg: Bg:,
Localized String[191],Adult C,1808h,20h,Fg: Bg:,
Localized String[192],Adult D,1828h,20h,Fg: Bg:,
Localized String[193],Adult E,1848h,20h,Fg: Bg:,
Localized String[194],Adult F,1868h,20h,Fg: Bg:,
Localized String[195],Adult G,1888h,20h,Fg: Bg:,
Localized String[196],Adult H,18A8h,20h,Fg: Bg:,
Localized String[197],Adult I,18C8h,20h,Fg: Bg:,
Localized String[198],Adult J,18E8h,20h,Fg: Bg:,
Localized String[199],Adult K,1908h,20h,Fg: Bg:,
Localized String[200],Adult L,1928h,20h,Fg: Bg:,
Localized String[201],Adult M,1948h,20h,Fg: Bg:,
Localized String[202],Adult N,1968h,20h,Fg: Bg:,
Localized String[203],Adult O,1988h,20h,Fg: Bg:,
Localized String[204],Adult P,19A8h,20h,Fg: Bg:,
Localized String[205],Adult Q,19C8h,20h,Fg: Bg:,
Localized String[206],Adult R,19E8h,20h,Fg: Bg:,
Localized String[207],Adult S,1A08h,20h,Fg: Bg:,
Localized String[208],Adult T,1A28h,20h,Fg: Bg:,
Localized String[209],Adult U,1A48h,20h,Fg: Bg:,
Localized String[210],Adult V,1A68h,20h,Fg: Bg:,
Localized String[211],Adult W,1A88h,20h,Fg: Bg:,
Localized String[212],Adult X,1AA8h,20h,Fg: Bg:,
Localized String[213],Adult Y,1AC8h,20h,Fg: Bg:,
Localized String[214],Adult Z,1AE8h,20h,Fg: Bg:,
Localized String[215],Adults,1B08h,20h,Fg: Bg:,
Localized String[216],Adult,1B28h,20h,Fg: Bg:,
Localized String[217],Adult,1B48h,20h,Fg: Bg:,
Localized String[218],Dummy,1B68h,20h,Fg: Bg:,
Localized String[219],Dummy,1B88h,20h,Fg: Bg:,
Localized String[220],Dummy,1BA8h,20h,Fg: Bg:,
Localized String[221],Dummy,1BC8h,20h,Fg: Bg:,
Localized String[222],Dummy,1BE8h,20h,Fg: Bg:,
Localized String[223],Dummy,1C08h,20h,Fg: Bg:,
Localized String[224],Dummy,1C28h,20h,Fg: Bg:,
Localized String[225],Dummy,1C48h,20h,Fg: Bg:,
Localized String[226],Dummy,1C68h,20h,Fg: Bg:,
Localized String[227],Dummy,1C88h,20h,Fg: Bg:,
Localized String[228],Dummy,1CA8h,20h,Fg: Bg:,
Localized String[229],Tutorial,1CC8h,20h,Fg: Bg:,
Localized String[230],Junko Enoshima,1CE8h,20h,Fg: Bg:,
Localized String[231],Warriors of Hope,1D08h,20h,Fg: Bg:,
Localized String[232],Shop Manager,1D28h,20h,Fg: Bg:,
Localized String[233], ,1D48h,20h,Fg: Bg:,
Localized String[234],???,1D68h,20h,Fg: Bg:,
Localized String[235],???,1D88h,20h,Fg: Bg:,
Localized String[236],Picked up ,1DA8h,20h,Fg: Bg:,
Localized String[237],? heart(s).,1DC8h,20h,Fg: Bg:,
Localized String[238],Health full.,1DE8h,20h,Fg: Bg:,
Localized String[239],Picked up,1E08h,20h,Fg: Bg:,
Localized String[240],? ? ammo.,1E28h,20h,Fg: Bg:,
Localized String[241],? ammo full.,1E48h,20h,Fg: Bg:,
Localized String[242],Picked up,1E68h,20h,Fg: Bg:,
Localized String[243],?(s).,1E88h,20h,Fg: Bg:,
Localized String[244],? ammo full.,1EA8h,20h,Fg: Bg:,
Localized String[245],Picked up ,1EC8h,20h,Fg: Bg:,
Localized String[246],? coin(s).,1EE8h,20h,Fg: Bg:,
Localized String[247],You cannot pick up any more coins.,1F08h,20h,Fg: Bg:,
Localized String[248],Picked up ,1F28h,20h,Fg: Bg:,
Localized String[249],?.,1F48h,20h,Fg: Bg:,
Localized String[250],Picked up ?,1F68h,20h,Fg: Bg:,
Localized String[251],?(s).,1F88h,20h,Fg: Bg:,
Localized String[252],? full.,1FA8h,20h,Fg: Bg:,
Localized String[253],Sorry!,1FC8h,20h,Fg: Bg:,
Localized String[254],BGM  Volume,1FE8h,20h,Fg: Bg:,
Localized String[255],SE Volume,2008h,20h,Fg: Bg:,
Localized String[256],Voice Volume,2028h,20h,Fg: Bg:,
Localized String[257],Camera Up Down,2048h,20h,Fg: Bg:,
Localized String[258],Camera Left Right,2068h,20h,Fg: Bg:,
Localized String[259],Camera Mode,2088h,20h,Fg: Bg:,
Localized String[260],Confirm Event Skip,20A8h,20h,Fg: Bg:,
Localized String[261],Reset to Default Settings,20C8h,20h,Fg: Bg:,
Localized String[262],Save your progress,20E8h,20h,Fg: Bg:,
Localized String[263],in save data?,2108h,20h,Fg: Bg:,
Localized String[264],Save changes,2128h,20h,Fg: Bg:,
Localized String[265],Yes,2148h,20h,Fg: Bg:,
Localized String[266],No,2168h,20h,Fg: Bg:,
Localized String[267],Skip event?,2188h,20h,Fg: Bg:,
Localized String[268],Yes,21A8h,20h,Fg: Bg:,
Localized String[269],No,21C8h,20h,Fg: Bg:,
Localized String[270],Change BGM volume.,21E8h,20h,Fg: Bg:,
Localized String[271],Change SE volume.,2208h,20h,Fg: Bg:,
Localized String[272],Change the voice volume.,2228h,20h,Fg: Bg:,
Localized String[273],Inverse up-down direction of camera movement.,2248h,20h,Fg: Bg:,
Localized String[274],Inverse left-right direction of camera movement.,2268h,20h,Fg: Bg:,
Localized String[275],"Change the camera controls.
If you choose ""auto"", the camera automatically follows you.",2288h,20h,Fg: Bg:,
Localized String[276],Set whether or not to 
display the skip event confirmation dialogue.,22A8h,20h,Fg: Bg:,
Localized String[277],Return all settings back to default settings.,22C8h,20h,Fg: Bg:,
Localized String[278],Super Ultra Pumped Genocide Jack Mode
*For those who just want to enjoy the story,22E8h,20h,Fg: Bg:,
Localized String[279],Working Hard for a Normal Girl Mode,2308h,20h,Fg: Bg:,
Localized String[280],Ultra Despair Mode,2328h,20h,Fg: Bg:,
Localized String[281],Lower difficulty level and retry? 
(You can't change difficulty in-game),2348h,20h,Fg: Bg:,
Localized String[282],End game and return to title?
(Unsaved progress will be lost),2368h,20h,Fg: Bg:,
Localized String[283],Start game from where you saved.,2388h,20h,Fg: Bg:,
Localized String[284],Choose the chapter you'd like to start.,23A8h,20h,Fg: Bg:,
Localized String[285],Transfer data and start game from beginning.,23C8h,20h,Fg: Bg:,
Localized String[286],View and listen to events and BGM from the 
game.,23E8h,20h,Fg: Bg:,
Localized String[287],The story of another man who was feeling 
despair...,2408h,20h,Fg: Bg:,
Localized String[288],Start game?,2428h,20h,Fg: Bg:,
Localized String[289],Return to previous checkpoint?
(Current game progress will not be saved),2448h,20h,Fg: Bg:,
Localized String[290],End game and return to main menu?
(Current game progress will not be saved),2468h,20h,Fg: Bg:,
Localized String[291],Return to previous checkpoint
and replay one more time.,2488h,20h,Fg: Bg:,
Localized String[292],Load game data
and restart from the game you saved.,24A8h,20h,Fg: Bg:,
Localized String[293],Check the transcript
of conversations you've seen.,24C8h,20h,Fg: Bg:,
Localized String[294],Check the tutorials
you've seen.,24E8h,20h,Fg: Bg:,
Localized String[295],Change game settings.,2508h,20h,Fg: Bg:,
Localized String[296],End game and return to main menu.,2528h,20h,Fg: Bg:,
Localized String[297],Please select the area you want to boost.,2548h,20h,Fg: Bg:,
Localized String[298],Number of Combo Attacks,2568h,20h,Fg: Bg:,
Localized String[299],Attack Speed,2588h,20h,Fg: Bg:,
Localized String[300],Charge Attack Power,25A8h,20h,Fg: Bg:,
Localized String[301],Charge Speed,25C8h,20h,Fg: Bg:,
Localized String[302],Lust Guage Capacity,25E8h,20h,Fg: Bg:,
Localized String[303],Lust Gauge Growth Rate,2608h,20h,Fg: Bg:,
Localized String[304],Battery Efficiency,2628h,20h,Fg: Bg:,
Localized String[305],Increase number of combo attacks with the ? button.,2648h,20h,Fg: Bg:,
Localized String[306],Increase speed of attacks.,2668h,20h,Fg: Bg:,
Localized String[307],Charged attack becomes stronger.,2688h,20h,Fg: Bg:,
Localized String[308],Decrease charge time.,26A8h,20h,Fg: Bg:,
Localized String[309],Lust Gauge increases so you can charge even more.,26C8h,20h,Fg: Bg:,
Localized String[310],Filling up the Lust Gauge becomes easier.,26E8h,20h,Fg: Bg:,
Localized String[311],More quality time with Genocide Jack.,2708h,20h,Fg: Bg:,
Localized String[312],Increase number of combo attacks with the X button.,2728h,20h,Fg: Bg:,
Localized String[313],Increase number of combo attacks with the F button.,2748h,20h,Fg: Bg:,
Localized String[314],#R1#c000#.Boost ??
#R1#c000#.Monocoins: ,2768h,20h,Fg: Bg:,
Localized String[315],?,2788h,20h,Fg: Bg:,
Localized String[316],Alphabetical: Arrange in alphabetical order.,27A8h,20h,Fg: Bg:,
Localized String[317],Effect: Arrange in the order of highest effect.,27C8h,20h,Fg: Bg:,
Localized String[318],Capacity: Arrange in the order of highest capacity.,27E8h,20h,Fg: Bg:,
Localized String[319],Speed: Arrange in the order of highest speed.,2808h,20h,Fg: Bg:,
Localized String[320],Obtained: Arrange in the order you obtained them.,2828h,20h,Fg: Bg:,
Localized String[321],#R1#c000#.Purchase ??
#R1#c000#.Monocoins: ,2848h,20h,Fg: Bg:,
Localized String[322],?,2868h,20h,Fg: Bg:,
Localized String[323],coins,2888h,20h,Fg: Bg:,
Localized String[324],Takaakix,28A8h,20h,Fg: Bg:,
Localized String[325],Gontakerus,28C8h,20h,Fg: Bg:,
Localized String[326],Kanondosu,28E8h,20h,Fg: Bg:,
Localized String[327],Yutax,2908h,20h,Fg: Bg:,
Localized String[328],Hironosaurus,2928h,20h,Fg: Bg:,
Localized String[329],Ayakanegon,2948h,20h,Fg: Bg:,
Localized String[330],Taichinchin,2968h,20h,Fg: Bg:,
Localized String[331],Nekonekomaru,2988h,20h,Fg: Bg:,
Localized String[332],Madafujirus,29A8h,20h,Fg: Bg:,
Localized String[333],Gross Butlerix,29C8h,20h,Fg: Bg:,
Localized String[334],Slopokemaru,29E8h,20h,Fg: Bg:,
Localized String[335],Kirihitotein,2A08h,20h,Fg: Bg:,
Localized String[336],Kenshirox,2A28h,20h,Fg: Bg:,
Localized String[337],Kamekox,2A48h,20h,Fg: Bg:,
Localized String[338],Hit List 15th Person,2A68h,20h,Fg: Bg:,
Localized String[339],#R1#c000#.Purchased ?.,2A88h,20h,Fg: Bg:,
Localized String[340],Hidden Kids Chapter 1,2AA8h,20h,Fg: Bg:,
Localized String[341],Hidden Kids Chapter 2,2AC8h,20h,Fg: Bg:,
Localized String[342],Hidden Kids Chapter 3,2AE8h,20h,Fg: Bg:,
Localized String[343],Hidden Kids Chapter 4,2B08h,20h,Fg: Bg:,
Localized String[344],Hidden Kids Chapter 5,2B28h,20h,Fg: Bg:,
Localized String[345],Socki the Sock ?1?,2B48h,20h,Fg: Bg:,
Localized String[346],Socki the Sock ?2?,2B68h,20h,Fg: Bg:,
Localized String[347],Socki the Sock ?3?,2B88h,20h,Fg: Bg:,
Localized String[348],Socki the Sock ?4?,2BA8h,20h,Fg: Bg:,
Localized String[349],Socki the Sock ?5?,2BC8h,20h,Fg: Bg:,
Localized String[350],Socki the Sock ?6?,2BE8h,20h,Fg: Bg:,
Localized String[351],Socki the Sock ?7?,2C08h,20h,Fg: Bg:,
Localized String[352],Socki the Sock ?8?,2C28h,20h,Fg: Bg:,
Localized String[353],Socki the Sock ?9?,2C48h,20h,Fg: Bg:,
Localized String[354],Socki the Sock ?10?,2C68h,20h,Fg: Bg:,
Localized String[355],Socki the Sock 11,2C88h,20h,Fg: Bg:,
Localized String[356],Socki the Sock 12,2CA8h,20h,Fg: Bg:,
Localized String[357],Socki the Sock 13,2CC8h,20h,Fg: Bg:,
Localized String[358],Socki the Sock 14,2CE8h,20h,Fg: Bg:,
Localized String[359],Socki the Sock 15,2D08h,20h,Fg: Bg:,
Localized String[360],Socki the Sock 16,2D28h,20h,Fg: Bg:,
Localized String[361],Socki the Sock 17,2D48h,20h,Fg: Bg:,
Localized String[362],Socki the Sock 18,2D68h,20h,Fg: Bg:,
Localized String[363],Socki the Sock 19,2D88h,20h,Fg: Bg:,
Localized String[364],Socki the Sock 20,2DA8h,20h,Fg: Bg:,
Localized String[365],"If you remove this Bling Bullet,
the number of bullets you have will decrease. Proceed?",2DC8h,20h,Fg: Bg:,
Localized String[366],This Bling Bullet is already equipped onto a Truth Bullet.
Re-equip?,2DE8h,20h,Fg: Bg:,
Localized String[367],You don't have any Bling Bullets.,2E08h,20h,Fg: Bg:,
Localized String[368],Quit the game?,2E28h,20h,Fg: Bg:,
Localized String[369],Yes,2E48h,20h,Fg: Bg:,
Localized String[370],No,2E68h,20h,Fg: Bg:,
Localized String[371],aaaaaaaa
aaaaaa,2E88h,20h,Fg: Bg:,
Localized String[372],a i u e o,2EA8h,20h,Fg: Bg:,
Localized String[373],ka ki ku ke ko,2EC8h,20h,Fg: Bg:,
Localized String[374],sa shi su se so,2EE8h,20h,Fg: Bg:,
Localized String[375],ta chi tsu te to,2F08h,20h,Fg: Bg:,
Localized String[376],na ni nu ne no,2F28h,20h,Fg: Bg:,
Localized String[377],ha ma ya ra wa,2F48h,20h,Fg: Bg:,
Localized String[378],a ka sa ta na,2F68h,20h,Fg: Bg:,
Localized String[379],Program,2F88h,20h,Fg: Bg:,
Localized String[380],#i-2#.My World,2FA8h,20h,Fg: Bg:,
Localized String[381],#i-2#.Enter Monokuma,2FC8h,20h,Fg: Bg:,
Localized String[382],#i-2#.Byakuya Togami Appears,2FE8h,20h,Fg: Bg:,
Localized String[383],#i-2#.Monokuma Riot,3008h,20h,Fg: Bg:,
Localized String[384],#i-2#.Outside World,3028h,20h,Fg: Bg:,
Localized String[385],#i-2#.Diner Confusion,3048h,20h,Fg: Bg:,
Localized String[386],#i-2#.Opening,3068h,20h,Fg: Bg:,
Localized String[387],#i-2#.Desolate Diner,3088h,20h,Fg: Bg:,
Localized String[388],#i-2#.Runaway Komaru,30A8h,20h,Fg: Bg:,
Localized String[389],#i-2#.Future Foundation Rescue Helicopter,30C8h,20h,Fg: Bg:,
Localized String[390],#i-2#.Ambushed Future Foundation,30E8h,20h,Fg: Bg:,
Localized String[391],#i-2#.Helicopter Crash,3108h,20h,Fg: Bg:,
Localized String[392],#i-2#.Servant,3128h,20h,Fg: Bg:,
Localized String[393],#i-2#.The Warriors of Hope,3148h,20h,Fg: Bg:,
Localized String[394],#i-2#.Falling Komaru,3168h,20h,Fg: Bg:,
Localized String[395],#i-2#.Mysterious Helper,3188h,20h,Fg: Bg:,
Localized String[396],#i-2#.Genocide Jack,31A8h,20h,Fg: Bg:,
Localized String[397],#i-2#.Bomber Monokuma,31C8h,20h,Fg: Bg:,
Localized String[398],#i-2#.Escape from the Hotel,31E8h,20h,Fg: Bg:,
Localized String[399],#i-2#.Monokuma Kids' Play,3208h,20h,Fg: Bg:,
Localized String[400],#i-2#.Bridge Collapse,3228h,20h,Fg: Bg:,
Localized String[401],#i-2#.Despair Bridge,3248h,20h,Fg: Bg:,
Localized String[402],#i-2#.Yuta Asahina's End,3268h,20h,Fg: Bg:,
Localized String[403],#i-2#.Siren Monokuma,3288h,20h,Fg: Bg:,
Localized String[404],#i-2#.Chase the Monokuma Kid!,32A8h,20h,Fg: Bg:,
Localized String[405],#i-2#.Junk Monokuma,32C8h,20h,Fg: Bg:,
Localized String[406],#i-2#.Hero Masaru Daimon,32E8h,20h,Fg: Bg:,
Localized String[407],#i-2#.Masaru Daimon's Madness,3308h,20h,Fg: Bg:,
Localized String[408],#i-2#.Mark Guyver,3328h,20h,Fg: Bg:,
Localized String[409],#i-2#.Masaru's Defeat,3348h,20h,Fg: Bg:,
Localized String[410],#i-2#.The Suspicious Stalking Shadow,3368h,20h,Fg: Bg:,
Localized String[411],#i-2#.Masaru's Funeral,3388h,20h,Fg: Bg:,
Localized String[412],#i-2#.Guard Monokuma,33A8h,20h,Fg: Bg:,
Localized String[413],#i-2#.Collapse Crisis,33C8h,20h,Fg: Bg:,
Localized String[414],#i-2#.Tunnel Collapses,33E8h,20h,Fg: Bg:,
Localized String[415],#i-2#.Escape from the Tunnel,3408h,20h,Fg: Bg:,
Localized String[416],#i-2#.Jataro Appears,3428h,20h,Fg: Bg:,
Localized String[417],#i-2#.Diorama of the Dream,3448h,20h,Fg: Bg:,
Localized String[418],#i-2#.Komaru Collapses,3468h,20h,Fg: Bg:,
Localized String[419],#i-2#.Monokuma Party,3488h,20h,Fg: Bg:,
Localized String[420],#i-2#."Someone" Attacked by Monokumas,34A8h,20h,Fg: Bg:,
Localized String[421],#i-2#.Shirokuma Gets Assaulted,34C8h,20h,Fg: Bg:,
Localized String[422],#i-2#.Arrival at the Secret Base,34E8h,20h,Fg: Bg:,
Localized String[423],#i-2#.Haiji Towa,3508h,20h,Fg: Bg:,
Localized String[424],#i-2#.Towa Tower: Jataro's Ambush!,3528h,20h,Fg: Bg:,
Localized String[425],#i-2#.Ball Monokuma,3548h,20h,Fg: Bg:,
Localized String[426],#i-2#.Captive Man,3568h,20h,Fg: Bg:,
Localized String[427],#i-2#.Elevator Hacking,3588h,20h,Fg: Bg:,
Localized String[428],#i-2#.Beast Monokuma,35A8h,20h,Fg: Bg:,
Localized String[429],#i-2#.Doctor Von Gerolt,35C8h,20h,Fg: Bg:,
Localized String[430],#i-2#.Jataro's Defeat,35E8h,20h,Fg: Bg:,
Localized String[431],#i-2#.Contacting Future Foundation,3608h,20h,Fg: Bg:,
Localized String[432],#i-2#.Locked Observatory,3628h,20h,Fg: Bg:,
Localized String[433],#i-2#.Runaway Monokuma Kid,3648h,20h,Fg: Bg:,
Localized String[434],#i-2#.Monokuma Kid's Trap,3668h,20h,Fg: Bg:,
Localized String[435],#i-2#.Kurokuma Activated,3688h,20h,Fg: Bg:,
Localized String[436],#i-2#.Monokuma Kid's Challenge,36A8h,20h,Fg: Bg:,
Localized String[437],#i-2#.Monokumas Attacking Secret Base,36C8h,20h,Fg: Bg:,
Localized String[438],#i-2#.Infested Secret Base,36E8h,20h,Fg: Bg:,
Localized String[439],#i-2#.Komaru and Toko Captured,3708h,20h,Fg: Bg:,
Localized String[440],#i-2#.Genocide Jack's Escape,3728h,20h,Fg: Bg:,
Localized String[441],#i-2#.Monorail UPPP,3748h,20h,Fg: Bg:,
Localized String[442],#i-2#.Kotoko VS Genocide Jack,3768h,20h,Fg: Bg:,
Localized String[443],#i-2#.Highlander the Great,3788h,20h,Fg: Bg:,
Localized String[444],#i-2#.Kotoko's Defeat,37A8h,20h,Fg: Bg:,
Localized String[445],#i-2#.Nagisa's Betrayal,37C8h,20h,Fg: Bg:,
Localized String[446],#i-2#.Secret Passageway,37E8h,20h,Fg: Bg:,
Localized String[447],#i-2#.Friends,3808h,20h,Fg: Bg:,
Localized String[448],#i-2#.Nagisa's Seriously Pissed,3828h,20h,Fg: Bg:,
Localized String[449],#i-2#.Destroyer Monokuma,3848h,20h,Fg: Bg:,
Localized String[450],#i-2#.Falling Subway,3868h,20h,Fg: Bg:,
Localized String[451],#i-2#.Secret Base Attacked Once Again,3888h,20h,Fg: Bg:,
Localized String[452],#i-2#.Shirokuma's Serious,38A8h,20h,Fg: Bg:,
Localized String[453],#i-2#.Komaru Standing Up,38C8h,20h,Fg: Bg:,
Localized String[454],#i-2#.Preliminary Alert,38E8h,20h,Fg: Bg:,
Localized String[455],#i-2#.Big Bang Monokuma,3908h,20h,Fg: Bg:,
Localized String[456],#i-2#.Hannibal X,3928h,20h,Fg: Bg:,
Localized String[457],#i-2#.Nagisa Shingetsu's Plea,3948h,20h,Fg: Bg:,
Localized String[458],#i-2#.Nagisa's Defeat,3968h,20h,Fg: Bg:,
Localized String[459],#i-2#.Attack on Monokuma,3988h,20h,Fg: Bg:,
Localized String[460],#i-2#.Hello Goodbye,39A8h,20h,Fg: Bg:,
Localized String[461],#i-2#.Haiji's Speech,39C8h,20h,Fg: Bg:,
Localized String[462],#i-2#.Adults Fight Back,39E8h,20h,Fg: Bg:,
Localized String[463],#i-2#.Monaca Wakes Up,3A08h,20h,Fg: Bg:,
Localized String[464],#i-2#.Black Suspirian,3A28h,20h,Fg: Bg:,
Localized String[465],#i-2#.Monaca's Defeat,3A48h,20h,Fg: Bg:,
Localized String[466],#i-2#.Destroy! Destroy! Destroy!,3A68h,20h,Fg: Bg:,
Localized String[467],#i-2#.Kill! Kill! Kill!,3A88h,20h,Fg: Bg:,
Localized String[468],#i-2#.The Truth of the Torture Room,3AA8h,20h,Fg: Bg:,
Localized String[469],#i-2#.I'll Protect Both!,3AC8h,20h,Fg: Bg:,
Localized String[470],#i-2#.VS Big Bang Monokuma,3AE8h,20h,Fg: Bg:,
Localized String[471],#i-2#.I Won't Fall Into Despair!,3B08h,20h,Fg: Bg:,
Localized String[472],#i-2#.Hope,3B28h,20h,Fg: Bg:,
Localized String[473],#i-2#.Big Bang Monokuma's Destruction,3B48h,20h,Fg: Bg:,
Localized String[474],#i-2#.Sinking Excalibur,3B68h,20h,Fg: Bg:,
Localized String[475],#i-2#.Servant and Monaca,3B88h,20h,Fg: Bg:,
Localized String[476],#i-2#.Byakuya's Rescue,3BA8h,20h,Fg: Bg:,
Localized String[477],#i-2#.End Roll,3BC8h,20h,Fg: Bg:,
Localized String[478],#i-2#.The Two Who Start their Walk,3BE8h,20h,Fg: Bg:,
Localized String[479],#i-2#.Dummy,3C08h,20h,Fg: Bg:,
Localized String[480],#i-2#.Friends (Reprise),3C28h,20h,Fg: Bg:,
Localized String[481],Program Use,3C48h,20h,Fg: Bg:,
Localized String[482],Program Use,3C68h,20h,Fg: Bg:,
Localized String[483],#i-2#.Hope's Peak Academy,3C88h,20h,Fg: Bg:,
Localized String[484],#i-2#.Disquieting Incident,3CA8h,20h,Fg: Bg:,
Localized String[485],#i-2#.Naegi Family,3CC8h,20h,Fg: Bg:,
Localized String[486],#i-2#.The Tragedy "1",3CE8h,20h,Fg: Bg:,
Localized String[487],#i-2#.The Tragedy "2",3D08h,20h,Fg: Bg:,
Localized String[488],#i-2#.That Incident,3D28h,20h,Fg: Bg:,
Localized String[489],#i-2#.Towa City,3D48h,20h,Fg: Bg:,
Localized String[490],#i-2#.Intro of "Hero" Masaru Daimon,3D68h,20h,Fg: Bg:,
Localized String[491],#i-2#.Intro of "Priest" Jataro Kemuri,3D88h,20h,Fg: Bg:,
Localized String[492],#i-2#.Intro of "Fighter" Kotoko Utsugi,3DA8h,20h,Fg: Bg:,
Localized String[493],#i-2#.Intro of "Sage" Nagisa Shingetsu,3DC8h,20h,Fg: Bg:,
Localized String[494],#i-2#.Intro of "Mage" Monaca,3DE8h,20h,Fg: Bg:,
Localized String[495],#i-2#.Demon Hunting,3E08h,20h,Fg: Bg:,
Localized String[496],#i-2#.Attached Wristband,3E28h,20h,Fg: Bg:,
Localized String[497],#i-2#.Toko's Delusional Fantasy,3E48h,20h,Fg: Bg:,
Localized String[498],#i-2#.Byakuya Covers Komaru,3E68h,20h,Fg: Bg:,
Localized String[499],#i-2#.Captured Byakuya,3E88h,20h,Fg: Bg:,
Localized String[500],#i-2#.Whipped Byakuya,3EA8h,20h,Fg: Bg:,
Localized String[501],#i-2#.1 Billion Trillion Points,3EC8h,20h,Fg: Bg:,
Localized String[502],#i-2#.Masaru Daimon's Madness,3EE8h,20h,Fg: Bg:,
Localized String[503],#i-2#.Bedtime,3F08h,20h,Fg: Bg:,
Localized String[504],#i-2#.Captive's Photo,3F28h,20h,Fg: Bg:,
Localized String[505],#i-2#.Killing School Life "1",3F48h,20h,Fg: Bg:,
Localized String[506],#i-2#.Killing School Life "2",3F68h,20h,Fg: Bg:,
Localized String[507],#i-2#.Killing School Life "3",3F88h,20h,Fg: Bg:,
Localized String[508],#i-2#.Killing School Life "4",3FA8h,20h,Fg: Bg:,
Localized String[509],#i-2#.Killing School Life "5",3FC8h,20h,Fg: Bg:,
Localized String[510],#i-2#.Killing School Life "6",3FE8h,20h,Fg: Bg:,
Localized String[511],#i-2#.Junko Enoshima,4008h,20h,Fg: Bg:,
Localized String[512],#i-2#.Remnants of Despair,4028h,20h,Fg: Bg:,
Localized String[513],#i-2#.Kotoko's Flashback,4048h,20h,Fg: Bg:,
Localized String[514],#i-2#.Sweets-covered Servant,4068h,20h,Fg: Bg:,
Localized String[515],#i-2#.Fighter Kotoko Appears,4088h,20h,Fg: Bg:,
Localized String[516],#i-2#.Denture Launcher,40A8h,20h,Fg: Bg:,
Localized String[517],#i-2#.Komaru Collapses,40C8h,20h,Fg: Bg:,
Localized String[518],#i-2#.Start the Motivation!,40E8h,20h,Fg: Bg:,
Localized String[519],#i-2#.Komaru's Pinch,4108h,20h,Fg: Bg:,
Localized String[520],#i-2#.Monorail's Intrusion,4128h,20h,Fg: Bg:,
Localized String[521],#i-2#.Monorail Crashes!,4148h,20h,Fg: Bg:,
Localized String[522],#i-2#.Nagisa Shingetsu Appears,4168h,20h,Fg: Bg:,
Localized String[523],#i-2#.Komaru's Wristband is Removed,4188h,20h,Fg: Bg:,
Localized String[524],#i-2#.Observing Servant,41A8h,20h,Fg: Bg:,
Localized String[525],#i-2#.Young Warriors of Hope,41C8h,20h,Fg: Bg:,
Localized String[526],#i-2#.Nagisa's Case,41E8h,20h,Fg: Bg:,
Localized String[527],#i-2#.Encounter with Junko Enoshima,4208h,20h,Fg: Bg:,
Localized String[528],#i-2#.Abducted Warriors of Hope,4228h,20h,Fg: Bg:,
Localized String[529],#i-2#.Level Up,4248h,20h,Fg: Bg:,
Localized String[530],#i-2#.Beginning of a Revolution,4268h,20h,Fg: Bg:,
Localized String[531],#i-2#.Giant Killing,4288h,20h,Fg: Bg:,
Localized String[532],#i-2#.Toko's Hesitation,42A8h,20h,Fg: Bg:,
Localized String[533],#i-2#.Monaca and Nagisa's Kiss,42C8h,20h,Fg: Bg:,
Localized String[534],#i-2#.Kissing to "Expectation",42E8h,20h,Fg: Bg:,
Localized String[535],#i-2#.Shirokuma Explodes,4308h,20h,Fg: Bg:,
Localized String[536],#i-2#.Motorcyle Dash,4328h,20h,Fg: Bg:,
Localized String[537],#i-2#.Trump Card's Whereabouts,4348h,20h,Fg: Bg:,
Localized String[538],#i-2#.Big Bang Monokuma,4368h,20h,Fg: Bg:,
Localized String[539],#i-2#.Attacked Tokuichi,4388h,20h,Fg: Bg:,
Localized String[540],#i-2#.Tokuichi's Ghost,43A8h,20h,Fg: Bg:,
Localized String[541],#i-2#.The Power of Christ Compels You!,43C8h,20h,Fg: Bg:,
Localized String[542],#i-2#.Kotoko Saw!,43E8h,20h,Fg: Bg:,
Localized String[543],#i-2#.Junko and Monaca,4408h,20h,Fg: Bg:,
Localized String[544],#i-2#.Monokuma Army,4428h,20h,Fg: Bg:,
Localized String[545],#i-2#.Monaca's Ruse,4448h,20h,Fg: Bg:,
Localized String[546],#i-2#.Monokuma Kids Explode!?,4468h,20h,Fg: Bg:,
Localized String[547],#i-2#.Inside the Torture Room,4488h,20h,Fg: Bg:,
Localized String[548],#i-2#.Toko's Bitchslap,44A8h,20h,Fg: Bg:,
Localized String[549],#i-2#.Monaca Left Over,44C8h,20h,Fg: Bg:,
Localized String[550],#i-2#.Fireworks,44E8h,20h,Fg: Bg:,
Localized String[551],#i-2#.Activation of the Communicator,4508h,20h,Fg: Bg:,
Localized String[552],#i-2#.Byakuya Reports,4528h,20h,Fg: Bg:,
Localized String[553],#i-2#.Komaru's Message,4548h,20h,Fg: Bg:,
Localized String[554],#i-2#.Determination,4568h,20h,Fg: Bg:,
Localized String[555],#i-2#.Adults -Afterwards-,4588h,20h,Fg: Bg:,
Localized String[556],#i-2#.Children -Afterwards-,45A8h,20h,Fg: Bg:,
Localized String[557],#i-2#.Monaca -Afterwards-,45C8h,20h,Fg: Bg:,
Localized String[558],#i-2#.Dummy,45E8h,20h,Fg: Bg:,
Localized String[559],#i-2#.Dummy,4608h,20h,Fg: Bg:,
Localized String[560],#i-2#.Dummy,4628h,20h,Fg: Bg:,
Localized String[561],#i-2#.Dummy,4648h,20h,Fg: Bg:,
Localized String[562],Program Use,4668h,20h,Fg: Bg:,
Localized String[563],#i-2#.Ultra? Despair? Girls?,4688h,20h,Fg: Bg:,
Localized String[564],#i-2#.Progressive,46A8h,20h,Fg: Bg:,
Localized String[565],#i-2#.Wonderful Dead 001,46C8h,20h,Fg: Bg:,
Localized String[566],#i-2#.Wonderful Dead 002,46E8h,20h,Fg: Bg:,
Localized String[567],#i-2#.Wonderful Dead 003,4708h,20h,Fg: Bg:,
Localized String[568],#i-2#.Wonderful Dead 004,4728h,20h,Fg: Bg:,
Localized String[569],#i-2#.Wonderful Dead 005,4748h,20h,Fg: Bg:,
Localized String[570],#i-2#.It's a Monokuma World,4768h,20h,Fg: Bg:,
Localized String[571],#i-2#.Versus,4788h,20h,Fg: Bg:,
Localized String[572],#i-2#.Genocide's Fever Time,47A8h,20h,Fg: Bg:,
Localized String[573],#i-2#.Alice in Childrenland,47C8h,20h,Fg: Bg:,
Localized String[574],#i-2#.Ultra Despair Girls,47E8h,20h,Fg: Bg:,
Localized String[575],#i-2#.Riddleland,4808h,20h,Fg: Bg:,
Localized String[576],#i-2#.Warriors of Hope,4828h,20h,Fg: Bg:,
Localized String[577],#i-2#.DSO_Argument [HOPE VS DESPAIR],4848h,20h,Fg: Bg:,
Localized String[578],#i-2#.Welcome to Towa Tower,4868h,20h,Fg: Bg:,
Localized String[579],#i-2#.Departing: Towa | Arrival: Hell ,4888h,20h,Fg: Bg:,
Localized String[580],#i-2#.Forbidden Playground,48A8h,20h,Fg: Bg:,
Localized String[581],#i-2#.DSO_Beautiful Dead,48C8h,20h,Fg: Bg:,
Localized String[582],#i-2#.DSO_Despair Syndrome,48E8h,20h,Fg: Bg:,
Localized String[583],#i-2#.DSO_To Survive,4908h,20h,Fg: Bg:,
Localized String[584],#i-2#.DSO_So Lingers the Dead End,4928h,20h,Fg: Bg:,
Localized String[585],#i-2#.DSO_Distrust,4948h,20h,Fg: Bg:,
Localized String[586],#i-2#.DSO_100 Mile Junk Food Dash,4968h,20h,Fg: Bg:,
Localized String[587],#i-2#.DSO_Death Wish,4988h,20h,Fg: Bg:,
Localized String[588],#i-2#.DSO_All Star Apologies,49A8h,20h,Fg: Bg:,
Localized String[589],#i-2#.DSO_Welcome to Despair,49C8h,20h,Fg: Bg:,
Localized String[590],#i-2#.DSO_New World Order,49E8h,20h,Fg: Bg:,
Localized String[591],#i-2#.DSO_Despair Syndrome,4A08h,20h,Fg: Bg:,
Localized String[592],#i-2#.DSO_Boys' Life of Despair,4A28h,20h,Fg: Bg:,
Localized String[593],#i-2#.Crying for Love in Hell,4A48h,20h,Fg: Bg:,
Localized String[594],#i-2#.Cute Girl's Battlefield,4A68h,20h,Fg: Bg:,
Localized String[595],#i-2#.Legend of the Revolution,4A88h,20h,Fg: Bg:,
Localized String[596],#i-2#.The Way We Live,4AA8h,20h,Fg: Bg:,
Localized String[597],#i-2#.Ultra Scared Girl,4AC8h,20h,Fg: Bg:,
Localized String[598],#i-2#.Ultra Fantasy Girl,4AE8h,20h,Fg: Bg:,
Localized String[599],#i-2#.It's a Kid's World,4B08h,20h,Fg: Bg:,
Localized String[600],#i-2#.I'll Never Become a Demon,4B28h,20h,Fg: Bg:,
Localized String[601],#i-2#.secret base ~What the Adults Gave Me~,4B48h,20h,Fg: Bg:,
Localized String[602],#i-2#.DX Robot Assemble,4B68h,20h,Fg: Bg:,
Localized String[603],#i-2#.The Day Before the Future,4B88h,20h,Fg: Bg:,
Localized String[604],#i-2#.Final VERSUS,4BA8h,20h,Fg: Bg:,
Localized String[605],#i-2#.We Can't Change the World,4BC8h,20h,Fg: Bg:,
Localized String[606],#i-2#.Let's Play With Monokuma,4BE8h,20h,Fg: Bg:,
Localized String[607],#i-2#.DSO_Professor Monokuma's Extracurriculars,4C08h,20h,Fg: Bg:,
Localized String[608],#i-2#.DSO_DANGANRONPA,4C28h,20h,Fg: Bg:,
Localized String[609],#i-2#.DSO_Declaration of the Underground,4C48h,20h,Fg: Bg:,
Localized String[610], ,4C68h,20h,Fg: Bg:,
Localized String[611],Okay,4C88h,20h,Fg: Bg:,
Localized String[612],Yes,4CA8h,20h,Fg: Bg:,
Localized String[613],No,4CC8h,20h,Fg: Bg:,
Localized String[614],Purchase?,4CE8h,20h,Fg: Bg:,
Localized String[615],%s / %d%s,4D08h,20h,Fg: Bg:,
Localized String[616], / ,4D28h,20h,Fg: Bg:,
Localized String[617],Monocoins,4D48h,20h,Fg: Bg:,
Localized String[618],You don't have enough Monocoins.,4D68h,20h,Fg: Bg:,
Localized String[619],#i-2#.Game Record,4D88h,20h,Fg: Bg:,
Localized String[620],#i-2#.Genocide Mode (Easy) Result,4DA8h,20h,Fg: Bg:,
Localized String[621],#i-2#.Komaru Mode (Normal) Result,4DC8h,20h,Fg: Bg:,
Localized String[622],#i-2#.Despair Mode (Hard) Result,4DE8h,20h,Fg: Bg:,
Localized String[623],Please select the tutorial you want to see.,4E08h,20h,Fg: Bg:,
Localized String[624],There are no viewable tutorials.,4E28h,20h,Fg: Bg:,
Localized String[625],Hacking Gun,4E48h,20h,Fg: Bg:,
Localized String[626],Truth Bullet "Move",4E68h,20h,Fg: Bg:,
Localized String[627],Truth Bullet "Break",4E88h,20h,Fg: Bg:,
Localized String[628],Genocide Jack Pt. 1,4EA8h,20h,Fg: Bg:,
Localized String[629],Genocide Jack Pt. 2,4EC8h,20h,Fg: Bg:,
Localized String[630],Items,4EE8h,20h,Fg: Bg:,
Localized String[631],Arcade Machine Pt. 1,4F08h,20h,Fg: Bg:,
Localized String[632],Arcade Machine Pt. 2,4F28h,20h,Fg: Bg:,
Localized String[633],Skills,4F48h,20h,Fg: Bg:,
Localized String[634],Mono-Mono Machine,4F68h,20h,Fg: Bg:,
Localized String[635],Arcade Machine Room Walkthrough,4F88h,20h,Fg: Bg:,
Localized String[636],Shop,4FA8h,20h,Fg: Bg:,
Localized String[637],Truth Bullet "Dance",4FC8h,20h,Fg: Bg:,
Localized String[638],Guiding UFO,4FE8h,20h,Fg: Bg:,
Localized String[639],Truth Bullet "Detect",5008h,20h,Fg: Bg:,
Localized String[640],Hidden Kids,5028h,20h,Fg: Bg:,
Localized String[641],Truth Bullet "Knockback",5048h,20h,Fg: Bg:,
Localized String[642],Hologram TV,5068h,20h,Fg: Bg:,
Localized String[643],Ball Monokuma and "Knockback",5088h,20h,Fg: Bg:,
Localized String[644],Monokuma Maiden,50A8h,20h,Fg: Bg:,
Localized String[645],Truth Bullet "Paralyze",50C8h,20h,Fg: Bg:,
Localized String[646],Kotoko's Room,50E8h,20h,Fg: Bg:,
Localized String[647],Truth Bullet "Burn",5108h,20h,Fg: Bg:,
Localized String[648],Truth Bullet "Link",5128h,20h,Fg: Bg:,
Localized String[649],Despair Time,5148h,20h,Fg: Bg:,
Localized String[650],¦¦¦ Debug Menu ¦¦¦,5168h,20h,Fg: Bg:,
Localized String[651],Close,5188h,20h,Fg: Bg:,
Localized String[652],Current Revision,51A8h,20h,Fg: Bg:,
Localized String[653],Free Camera,51C8h,20h,Fg: Bg:,
Localized String[654],Map Change,51E8h,20h,Fg: Bg:,
Localized String[655],Preview Stuff,5208h,20h,Fg: Bg:,
Localized String[656],Post Effect,5228h,20h,Fg: Bg:,
Localized String[657],Battle Stuff,5248h,20h,Fg: Bg:,
Localized String[658],Memory Card,5268h,20h,Fg: Bg:,
Localized String[659],Script Stuff,5288h,20h,Fg: Bg:,
Localized String[660],Sound,52A8h,20h,Fg: Bg:,
Localized String[661],Environment Setting,52C8h,20h,Fg: Bg:,
Localized String[662],Complete Setting,52E8h,20h,Fg: Bg:,
Localized String[663],Complete Setting,5308h,20h,Fg: Bg:,
Localized String[664],Complete All Chapter,5328h,20h,Fg: Bg:,
Localized String[665],Complete Skill,5348h,20h,Fg: Bg:,
Localized String[666],Complete Dekodama,5368h,20h,Fg: Bg:,
Localized String[667],Complete Scrapnote,5388h,20h,Fg: Bg:,
Localized String[668],Complete Book,53A8h,20h,Fg: Bg:,
Localized String[669],Complete Picture,53C8h,20h,Fg: Bg:,
Localized String[670],Complete Hidden Kids,53E8h,20h,Fg: Bg:,
Localized String[671],Complete Socks,5408h,20h,Fg: Bg:,
Localized String[672],Complete Kill List,5428h,20h,Fg: Bg:,
Localized String[673],Complete Tutorial,5448h,20h,Fg: Bg:,
Localized String[674],Map Change,5468h,20h,Fg: Bg:,
Localized String[675],Title Screen,5488h,20h,Fg: Bg:,
Localized String[676],Shortcut,54A8h,20h,Fg: Bg:,
Localized String[677],Minigame: Tentacles,54C8h,20h,Fg: Bg:,
Localized String[678],Novel,54E8h,20h,Fg: Bg:,
Localized String[679],Start from Prologue,5508h,20h,Fg: Bg:,
Localized String[680],Start from Chapter1,5528h,20h,Fg: Bg:,
Localized String[681],Start from Chapter2,5548h,20h,Fg: Bg:,
Localized String[682],Start from Chapter3,5568h,20h,Fg: Bg:,
Localized String[683],Start from Chapter4,5588h,20h,Fg: Bg:,
Localized String[684],Start from Chapter5,55A8h,20h,Fg: Bg:,
Localized String[685],See the Epilogue,55C8h,20h,Fg: Bg:,
Localized String[686],Battlewith the boss to Chapter1,55E8h,20h,Fg: Bg:,
Localized String[687],Battlewith the boss to Chapter2,5608h,20h,Fg: Bg:,
Localized String[688],Battlewith the boss to Chapter3,5628h,20h,Fg: Bg:,
Localized String[689],Battlewith the boss to Chapter4,5648h,20h,Fg: Bg:,
Localized String[690],Battlewith the boss to Chapter5,5668h,20h,Fg: Bg:,
Localized String[691],Preview Stuff,5688h,20h,Fg: Bg:,
Localized String[692],Character Preview,56A8h,20h,Fg: Bg:,
Localized String[693],Model Preview,56C8h,20h,Fg: Bg:,
Localized String[694],Effect Preview,56E8h,20h,Fg: Bg:,
Localized String[695],Script Preview,5708h,20h,Fg: Bg:,
Localized String[696],UI Preview,5728h,20h,Fg: Bg:,
Localized String[697],Event Preview,5748h,20h,Fg: Bg:,
Localized String[698],EM Preview,5768h,20h,Fg: Bg:,
Localized String[699],EV 8 Preview,5788h,20h,Fg: Bg:,
Localized String[700],Move Preview,57A8h,20h,Fg: Bg:,
Localized String[701],Standing Picture Preview,57C8h,20h,Fg: Bg:,
Localized String[702],Flash Preview,57E8h,20h,Fg: Bg:,
Localized String[703],Texture Preview,5808h,20h,Fg: Bg:,
Localized String[704],Boot Preview,5828h,20h,Fg: Bg:,
Localized String[705],Battle Stuff,5848h,20h,Fg: Bg:,
Localized String[706],Player Invincible,5868h,20h,Fg: Bg:,
Localized String[707],Player HP doesn't go down,5888h,20h,Fg: Bg:,
Localized String[708],Truth Bullet - Don't run of items,58A8h,20h,Fg: Bg:,
Localized String[709],Player HP,58C8h,20h,Fg: Bg:,
Localized String[710],Player Battery,58E8h,20h,Fg: Bg:,
Localized String[711],Komaru Setting,5908h,20h,Fg: Bg:,
Localized String[712],Genocide Setting,5928h,20h,Fg: Bg:,
Localized String[713],Display Enemy's Thought State,5948h,20h,Fg: Bg:,
Localized String[714],Display Enemy Support Line,5968h,20h,Fg: Bg:,
Localized String[715],Display Enemy View,5988h,20h,Fg: Bg:,
Localized String[716],Enemy Scout None,59A8h,20h,Fg: Bg:,
Localized String[717],Enemy Force Though Process,59C8h,20h,Fg: Bg:,
Localized String[718],Enemy Thought Process Setting,59E8h,20h,Fg: Bg:,
Localized String[719],Enemy Sound Effect Off Set,5A08h,20h,Fg: Bg:,
Localized String[720],Enemy KILL ALL,5A28h,20h,Fg: Bg:,
Localized String[721],Difficulty,5A48h,20h,Fg: Bg:,
Localized String[722],Monocoins,5A68h,20h,Fg: Bg:,
Localized String[723],Number of Retries,5A88h,20h,Fg: Bg:,
Localized String[724],EXP,5AA8h,20h,Fg: Bg:,
Localized String[725],Genocide Mode,5AC8h,20h,Fg: Bg:,
Localized String[726],Komaru Mode,5AE8h,20h,Fg: Bg:,
Localized String[727],Despair Mode,5B08h,20h,Fg: Bg:,
Localized String[728],Komaru,5B28h,20h,Fg: Bg:,
Localized String[729],Skill Setting,5B48h,20h,Fg: Bg:,
Localized String[730],Truth Bullet Setting,5B68h,20h,Fg: Bg:,
Localized String[731],Komaru Strong Will,5B88h,20h,Fg: Bg:,
Localized String[732],Komaru No Weapon,5BA8h,20h,Fg: Bg:,
Localized String[733],Komaru No Bangle,5BC8h,20h,Fg: Bg:,
Localized String[734],Komaru Infinite Number of Bullets,5BE8h,20h,Fg: Bg:,
Localized String[735],Komaru Light Stick Equip,5C08h,20h,Fg: Bg:,
Localized String[736],Display Truth Bullet Track,5C28h,20h,Fg: Bg:,
Localized String[737],Truth Bullet Break,5C48h,20h,Fg: Bg:,
Localized String[738],Truth Bullet Burn,5C68h,20h,Fg: Bg:,
Localized String[739],Truth Bullet Paralyze,5C88h,20h,Fg: Bg:,
Localized String[740],Truth Bullet Knockback,5CA8h,20h,Fg: Bg:,
Localized String[741],Truth Bullet Dance,5CC8h,20h,Fg: Bg:,
Localized String[742],Truth Bullet Link,5CE8h,20h,Fg: Bg:,
Localized String[743],Truth Bullet Move,5D08h,20h,Fg: Bg:,
Localized String[744],Truth Bullet Observe,5D28h,20h,Fg: Bg:,
Localized String[745],Shoot Motion Speed,5D48h,20h,Fg: Bg:,
Localized String[746],Truth Bullet Break Scale,5D68h,20h,Fg: Bg:,
Localized String[747],Komaru Lock Range,5D88h,20h,Fg: Bg:,
Localized String[748],? Button Walk,5DA8h,20h,Fg: Bg:,
Localized String[749],Emergency Guard Circle Line Display,5DC8h,20h,Fg: Bg:,
Localized String[750],Truth Bullet Break Invisible,5DE8h,20h,Fg: Bg:,
Localized String[751],Truth Bullet Burn Invisible,5E08h,20h,Fg: Bg:,
Localized String[752],Truth Bullet Paralyze Invisible,5E28h,20h,Fg: Bg:,
Localized String[753],Truth Bullet Knockback Invisible,5E48h,20h,Fg: Bg:,
Localized String[754],Truth Bullet Dance Invisible,5E68h,20h,Fg: Bg:,
Localized String[755],Truth Bullet Link Invisible,5E88h,20h,Fg: Bg:,
Localized String[756],Truth Bullet Move Invisible,5EA8h,20h,Fg: Bg:,
Localized String[757],Truth Bullet Observe Invisible,5EC8h,20h,Fg: Bg:,
Localized String[758],Genocide,5EE8h,20h,Fg: Bg:,
Localized String[759],Level Setting,5F08h,20h,Fg: Bg:,
Localized String[760],Single Slash Action,5F28h,20h,Fg: Bg:,
Localized String[761],Range Slash Action,5F48h,20h,Fg: Bg:,
Localized String[762],Slash Action Unlimited,5F68h,20h,Fg: Bg:,
Localized String[763],No Adulation,5F88h,20h,Fg: Bg:,
Localized String[764],Genocide Level,5FA8h,20h,Fg: Bg:,
Localized String[765],Number of Attacks,5FC8h,20h,Fg: Bg:,
Localized String[766],Attack Speed,5FE8h,20h,Fg: Bg:,
Localized String[767],Charge Attack Power,6008h,20h,Fg: Bg:,
Localized String[768],Charge Speed,6028h,20h,Fg: Bg:,
Localized String[769],Lust Gauge Limit,6048h,20h,Fg: Bg:,
Localized String[770],Amount of Lust Gauge Increase,6068h,20h,Fg: Bg:,
Localized String[771],Battery Consumption Speed,6088h,20h,Fg: Bg:,
Localized String[772],Enemy AI,60A8h,20h,Fg: Bg:,
Localized String[773],Command,60C8h,20h,Fg: Bg:,
Localized String[774],Param 1,60E8h,20h,Fg: Bg:,
Localized String[775],Param 2,6108h,20h,Fg: Bg:,
Localized String[776],PUSH!,6128h,20h,Fg: Bg:,
Localized String[777],RESET!,6148h,20h,Fg: Bg:,
Localized String[778],Script Stuff,6168h,20h,Fg: Bg:,
Localized String[779],Flag,6188h,20h,Fg: Bg:,
Localized String[780],Work,61A8h,20h,Fg: Bg:,
Localized String[781],Scrap Note,61C8h,20h,Fg: Bg:,
Localized String[782],Book,61E8h,20h,Fg: Bg:,
Localized String[783],Picture Book,6208h,20h,Fg: Bg:,
Localized String[784],Back Log Viewer,6228h,20h,Fg: Bg:,
Localized String[785],File Menu,6248h,20h,Fg: Bg:,
Localized String[786],Display Rectangle Range,6268h,20h,Fg: Bg:,
Localized String[787],Directly load SCD file,6288h,20h,Fg: Bg:,
Localized String[788],Halt when SCD Analyze errors,62A8h,20h,Fg: Bg:,
Localized String[789],File output memory save,62C8h,20h,Fg: Bg:,
Localized String[790],Don't memory save,62E8h,20h,Fg: Bg:,
Localized String[791],Memory Load,6308h,20h,Fg: Bg:,
Localized String[792],Memory Load (from File),6328h,20h,Fg: Bg:,
Localized String[793],Don't Display Message,6348h,20h,Fg: Bg:,
Localized String[794],Don't Display Bust Up,6368h,20h,Fg: Bg:,
Localized String[795],Don't confirm event skip,6388h,20h,Fg: Bg:,
Localized String[796],Always make result "A",63A8h,20h,Fg: Bg:,
Localized String[797],Skill Setting,63C8h,20h,Fg: Bg:,
Localized String[798],LEVEL,63E8h,20h,Fg: Bg:,
Localized String[799],OPEN,6408h,20h,Fg: Bg:,
Localized String[800],NEW,6428h,20h,Fg: Bg:,
Localized String[801],SET,6448h,20h,Fg: Bg:,
Localized String[802],Deco Bullet Setting,6468h,20h,Fg: Bg:,
Localized String[803],OPEN,6488h,20h,Fg: Bg:,
Localized String[804],Memory Card Stuff,64A8h,20h,Fg: Bg:,
Localized String[805],Load,64C8h,20h,Fg: Bg:,
Localized String[806],Save,64E8h,20h,Fg: Bg:,
Localized String[807],Delete,6508h,20h,Fg: Bg:,
Localized String[808],Environment Setting,6528h,20h,Fg: Bg:,
Localized String[809],PRINTF,6548h,20h,Fg: Bg:,
Localized String[810],Processing Meter,6568h,20h,Fg: Bg:,
Localized String[811],Memory Remaining Amount,6588h,20h,Fg: Bg:,
Localized String[812],Display Bed,65A8h,20h,Fg: Bg:,
Localized String[813],Clip Box,65C8h,20h,Fg: Bg:,
Localized String[814],Hit Box,65E8h,20h,Fg: Bg:,
Localized String[815],Flash Off,6608h,20h,Fg: Bg:,
Localized String[816],Game Speed,6628h,20h,Fg: Bg:,
Localized String[817],Display Secure Memory Information,6648h,20h,Fg: Bg:,
Localized String[818],any FLASH off,6668h,20h,Fg: Bg:,
Localized String[819],Change Price,6688h,20h,Fg: Bg:,
Localized String[820],Price,66A8h,20h,Fg: Bg:,
Localized String[821],Post Effect,66C8h,20h,Fg: Bg:,
Localized String[822],Broom...,66E8h,20h,Fg: Bg:,
Localized String[823],Fog...,6708h,20h,Fg: Bg:,
Localized String[824],Ambient Light / Directional Light Source...,6728h,20h,Fg: Bg:,
Localized String[825],Broom,6748h,20h,Fg: Bg:,
Localized String[826],Power,6768h,20h,Fg: Bg:,
Localized String[827],Color Range,6788h,20h,Fg: Bg:,
Localized String[828],Power,67A8h,20h,Fg: Bg:,
Localized String[829],Color,67C8h,20h,Fg: Bg:,
Localized String[830],Color (R ),67E8h,20h,Fg: Bg:,
Localized String[831],Color (G),6808h,20h,Fg: Bg:,
Localized String[832],Color (B),6828h,20h,Fg: Bg:,
Localized String[833],Color (A),6848h,20h,Fg: Bg:,
Localized String[834],NEAR,6868h,20h,Fg: Bg:,
Localized String[835],FAR,6888h,20h,Fg: Bg:,
Localized String[836],Ambient Light / Directional Light Source...,68A8h,20h,Fg: Bg:,
Localized String[837],Map Ambient Light,68C8h,20h,Fg: Bg:,
Localized String[838],Map Ambient Light (R),68E8h,20h,Fg: Bg:,
Localized String[839],Map Ambient Light (G),6908h,20h,Fg: Bg:,
Localized String[840],Map Ambient Light (B),6928h,20h,Fg: Bg:,
Localized String[841],Map Directional Light Source,6948h,20h,Fg: Bg:,
Localized String[842],Map Directional Light Source (R),6968h,20h,Fg: Bg:,
Localized String[843],Map Directional Light Source (G),6988h,20h,Fg: Bg:,
Localized String[844],Map Directional Light Source (B),69A8h,20h,Fg: Bg:,
Localized String[845],Character Ambient Light,69C8h,20h,Fg: Bg:,
Localized String[846],Character Ambient Light (R),69E8h,20h,Fg: Bg:,
Localized String[847],Character Ambient Light (G),6A08h,20h,Fg: Bg:,
Localized String[848],Character Ambient Light (B),6A28h,20h,Fg: Bg:,
Localized String[849],Character Directional Light Source,6A48h,20h,Fg: Bg:,
Localized String[850],Character Directional Light Source (R),6A68h,20h,Fg: Bg:,
Localized String[851],Character Directional Light Source (G),6A88h,20h,Fg: Bg:,
Localized String[852],Character Directional Light Source (B),6AA8h,20h,Fg: Bg:,
Localized String[853],Directional Light Source Direction (X),6AC8h,20h,Fg: Bg:,
Localized String[854],Directional Light Source Direction (Y),6AE8h,20h,Fg: Bg:,
Localized String[855],Directional Light Source Direction (Z),6B08h,20h,Fg: Bg:,
Localized String[856],Big Bang Ambient Light,6B28h,20h,Fg: Bg:,
Localized String[857],Big Bang Ambient Light (R),6B48h,20h,Fg: Bg:,
Localized String[858],Big Bang Ambient Light (G),6B68h,20h,Fg: Bg:,
Localized String[859],Big Bang Ambient Light (B),6B88h,20h,Fg: Bg:,
Localized String[860],Big Bang Directional Light Source,6BA8h,20h,Fg: Bg:,
Localized String[861],Big Bang Directional Light Source (R),6BC8h,20h,Fg: Bg:,
Localized String[862],Big Bang Directional Light Source (G),6BE8h,20h,Fg: Bg:,
Localized String[863],Big Bang Directional Light Source (B),6C08h,20h,Fg: Bg:,
Localized String[864],Big Bang Directional Light Source Direction (X),6C28h,20h,Fg: Bg:,
Localized String[865],Big Bang Directional Light Source Direction (Y),6C48h,20h,Fg: Bg:,
Localized String[866],Big Bang Directional Light Source Direction (Z),6C68h,20h,Fg: Bg:,
Localized String[867],Sound,6C88h,20h,Fg: Bg:,
Localized String[868],No BGM,6CA8h,20h,Fg: Bg:,
Localized String[869],No SE,6CC8h,20h,Fg: Bg:,
Localized String[870],BGM,6CE8h,20h,Fg: Bg:,
Localized String[871],SE,6D08h,20h,Fg: Bg:,
Localized String[872],VOICE,6D28h,20h,Fg: Bg:,
Localized String[873],Break,6D48h,20h,Fg: Bg:,
Localized String[874],Move,6D68h,20h,Fg: Bg:,
Localized String[875],Dance,6D88h,20h,Fg: Bg:,
Localized String[876],Break Hit,6DA8h,20h,Fg: Bg:,
Localized String[877],Move Hit,6DC8h,20h,Fg: Bg:,
Localized String[878],Dance Hit,6DE8h,20h,Fg: Bg:,
Localized String[879],Snap Shot,6E08h,20h,Fg: Bg:,
Localized String[880],Voice,6E28h,20h,Fg: Bg:,
Localized String[881],Character,6E48h,20h,Fg: Bg:,
Localized String[882],Chapter,6E68h,20h,Fg: Bg:,
Localized String[883],Voice Number,6E88h,20h,Fg: Bg:,
Localized String[884],Prologue,6EA8h,20h,Fg: Bg:,
Localized String[885],Chapter 1,6EC8h,20h,Fg: Bg:,
Localized String[886],Chapter 2,6EE8h,20h,Fg: Bg:,
Localized String[887],Chapter 3,6F08h,20h,Fg: Bg:,
Localized String[888],Chapter 4,6F28h,20h,Fg: Bg:,
Localized String[889],Chapter 5,6F48h,20h,Fg: Bg:,
Localized String[890],Epilogue,6F68h,20h,Fg: Bg:,
Localized String[891],General,6F88h,20h,Fg: Bg:,
Localized String[892],?????? Standing Picture Preview ??????,6FA8h,20h,Fg: Bg:,
Localized String[893],Character:,6FC8h,20h,Fg: Bg:,
Localized String[894],Expression Number:,6FE8h,20h,Fg: Bg:,
Localized String[895],Display Position:,7008h,20h,Fg: Bg:,
Localized String[896],Loading,7028h,20h,Fg: Bg:,
Localized String[897],Display,7048h,20h,Fg: Bg:,
Localized String[898],Message,7068h,20h,Fg: Bg:,
Localized String[899],Close,7088h,20h,Fg: Bg:,
Localized String[900],Play Time (Hrs),70A8h,20h,Fg: Bg:,
Localized String[901],Play Time (Min),70C8h,20h,Fg: Bg:,
Localized String[902],Total Monocoins,70E8h,20h,Fg: Bg:,
Localized String[903],Movie Volume,7108h,20h,Fg: Bg:,
Localized String[904],,7128h,20h,Fg: Bg:,
